<?xml version="1.0" encoding="UTF-8"?><rss version="2.0"
	xmlns:content="http://purl.org/rss/1.0/modules/content/"
	xmlns:wfw="http://wellformedweb.org/CommentAPI/"
	xmlns:dc="http://purl.org/dc/elements/1.1/"
	xmlns:atom="http://www.w3.org/2005/Atom"
	xmlns:sy="http://purl.org/rss/1.0/modules/syndication/"
	xmlns:slash="http://purl.org/rss/1.0/modules/slash/"
	>

<channel>
	<title>AAIB Industries &#8211; The Paper Packaging</title>
	<atom:link href="./index.html" rel="self" type="application/rss+xml" />
	<link>./../index.html</link>
	<description>Malaysia&#039;s Trusted Paper Packaging Supplier</description>
	<lastBuildDate>Mon, 09 Nov 2020 13:07:16 +0000</lastBuildDate>
	<language>en-US</language>
	<sy:updatePeriod>
	hourly	</sy:updatePeriod>
	<sy:updateFrequency>
	1	</sy:updateFrequency>
	<generator>https://wordpress.org/?v=5.7.2</generator>

<image>
	<url>./../wp-content/uploads/2020/11/AAIB-logo-150x150.jpg</url>
	<title>AAIB Industries &#8211; The Paper Packaging</title>
	<link>./../index.html</link>
	<width>32</width>
	<height>32</height>
</image> 
	<item>
		<title>Hello world!</title>
		<link>./../hello-world/index.html</link>
					<comments>./../hello-world/index.html#comments</comments>
		
		<dc:creator><![CDATA[admin]]></dc:creator>
		<pubDate>Mon, 09 Nov 2020 13:07:16 +0000</pubDate>
				<category><![CDATA[Uncategorized]]></category>
		<guid isPermaLink="false">https://www.thepaperpackaging.com/?p=1</guid>

					<description><![CDATA[<p>Welcome to WordPress. This is your first post. Edit or delete it, then start writing!</p>
<p>The post <a rel="nofollow" href="./../hello-world/index.html">Hello world!</a> appeared first on <a rel="nofollow" href="./../index.html">AAIB Industries - The Paper Packaging</a>.</p>
]]></description>
										<content:encoded><![CDATA[
<p>Welcome to WordPress. This is your first post. Edit or delete it, then start writing!</p>
<p>The post <a rel="nofollow" href="./../hello-world/index.html">Hello world!</a> appeared first on <a rel="nofollow" href="./../index.html">AAIB Industries - The Paper Packaging</a>.</p>
]]></content:encoded>
					
					<wfw:commentRss>./../hello-world/feed/index.html</wfw:commentRss>
			<slash:comments>1</slash:comments>
		
		
			</item>
	</channel>
</rss>
